{"mesh": "C:\\Users\\Greg\\AppData\\Local\\Temp\\tmp9vaewrv2\\20191214_220159\\boitier_inter_ventilo_radial.STL", "directory": "C:\\Users\\Greg\\AppData\\Local\\Temp\\tmp9vaewrv2\\20191214_220159", "beam_width": 2, "scale": true, "factor": 5.0, "nodes": [{"path": [], "origin": [26.70124998781502, -26.70124998781502, -0.0], "normal": [-0.707, 0.707, 0.0]}, {"path": [0], "origin": [0.0, 58.08, 15.0], "normal": [0.0, 0.968, 0.25]}, {"path": [0, 0], "origin": [42.77035013842974, 42.77035013842974, 15.60961683884297], "normal": [0.685, 0.685, 0.25]}, {"path": [0, 0, 0], "origin": [139.56831081651225, 139.56831081651225, 0.0], "normal": [0.707, 0.707, 0.0]}]}