{"mesh": "C:\\Users\\Greg\\AppData\\Local\\Temp\\tmp9vaewrv2\\20191214_220159\\boitier_inter_ventilo_radial.STL", "directory": "C:\\Users\\Greg\\AppData\\Local\\Temp\\tmp9vaewrv2\\20191214_220159", "beam_width": 2, "scale": true, "factor": 5.0, "nodes": [{"path": [], "origin": [26.70124998781502, -26.70124998781502, -0.0], "normal": [-0.707, 0.707, 0.0]}, {"path": [0], "origin": [48.27609613905311, 48.27609613905311, 0.0], "normal": [0.707, 0.707, 0.0]}, {"path": [0, 0], "origin": [0.0, 58.93614864001772, 15.221112768599617], "normal": [0.0, 0.968, 0.25]}, {"path": [0, 0, 0], "origin": [7.761585950872388, -7.761585950872388, -6.341164992542801], "normal": [-0.612, 0.612, 0.5]}]}