{"mesh": "C:\\Users\\Greg\\AppData\\Local\\Temp\\tmp1wzwndr0\\20191215_021338\\MIC_Holder.stl", "directory": "C:\\Users\\Greg\\AppData\\Local\\Temp\\tmp1wzwndr0\\20191215_021338", "beam_width": 2, "scale": true, "factor": 2.0, "state": [true, false, true, false, true, false, true, false, false, false, true, true, false, false, true, false, true], "nodes": [{"path": [], "origin": [29.43232818908692, -29.43232818908692, -10.74172561645508], "normal": [-0.685, 0.685, 0.25]}, {"path": [0], "origin": [41.508378859644054, -0.0, -10.720139168296502], "normal": [-0.968, 0.0, 0.25]}, {"path": [0, 0], "origin": [-105.35419080603931, 0.0, 60.828054737897986], "normal": [-0.866, 0.0, 0.5]}]}