{"mesh": "C:\\Users\\Greg\\AppData\\Local\\Temp\\tmp0pp45519\\20191216_024308\\jetoncarab_20141215-12086-zm6udt-0.stl", "directory": "C:\\Users\\Greg\\AppData\\Local\\Temp\\tmp0pp45519\\20191216_024308", "beam_width": 2, "scale": true, "factor": 5.0, "nodes": [{"path": [], "origin": [0.0, 61.8504075, 6.65794125], "normal": [0.0, 0.994, 0.107]}]}