{"mesh": "C:\\Users\\Greg\\AppData\\Local\\Temp\\tmpddbrxyw2\\20191215_161456\\customizable_robot_keychain_v03_20150323-16358-15qshcs-0.stl", "directory": "C:\\Users\\Greg\\AppData\\Local\\Temp\\tmpddbrxyw2\\20191215_161456", "beam_width": 2, "scale": true, "factor": 4.0, "nodes": [{"path": [], "origin": [-79.4341193492, 79.4341193492, 0.0], "normal": [-0.707, 0.707, 0.0]}, {"path": [1], "origin": [-65.2941193492, 65.2941193492, 0.0], "normal": [-0.707, 0.707, 0.0]}]}