{"mesh": "C:\\Users\\Greg\\AppData\\Local\\Temp\\tmpxf4mrysu\\20191216_012841\\namekeyringv1-6_20170808-24784-15fyf1g-0.stl", "directory": "C:\\Users\\Greg\\AppData\\Local\\Temp\\tmpxf4mrysu\\20191216_012841", "beam_width": 2, "scale": true, "factor": 4.0, "nodes": [{"path": [], "origin": [-11.131264782400006, -11.131264782400006, -0.0], "normal": [0.707, 0.707, 0.0]}]}