{"mesh": "C:\\Users\\Greg\\AppData\\Local\\Temp\\tmp4n002ey6\\20191216_012449\\switch_tag_20171121-11625-1dn1ifq-0.stl", "directory": "C:\\Users\\Greg\\AppData\\Local\\Temp\\tmp4n002ey6\\20191216_012449", "beam_width": 2, "scale": true, "factor": 5.0, "state": [true, false, true], "nodes": [{"path": [], "origin": [26.126285140799997, 26.126285140799997, 21.345004199999998], "normal": [0.612, 0.612, 0.5]}, {"path": [0], "origin": [-12.131236250000008, 12.131236250000008, 0.0], "normal": [-0.707, 0.707, 0.0]}]}