{"mesh": "C:\\Users\\Greg\\AppData\\Local\\Temp\\tmp_ypvco67\\20191216_022418\\Enclosure_Bottom_A.stl", "directory": "C:\\Users\\Greg\\AppData\\Local\\Temp\\tmp_ypvco67\\20191216_022418", "beam_width": 2, "scale": true, "factor": 5.0, "nodes": [{"path": [], "origin": [-95.48215095376969, 95.48215095376969, 34.847500348091124], "normal": [-0.685, 0.685, 0.25]}, {"path": [1], "origin": [95.48215095376969, 95.48215095376969, 34.847500348091124], "normal": [0.685, 0.685, 0.25]}, {"path": [1, 1], "origin": [68.91784904623033, -68.91784904623033, -25.152499651908876], "normal": [-0.685, 0.685, 0.25]}, {"path": [1, 1, 0], "origin": [-68.91784904623033, -68.91784904623033, -25.152499651908876], "normal": [0.685, 0.685, 0.25]}]}