{"mesh": "C:\\Users\\Greg\\AppData\\Local\\Temp\\tmpa455sa41\\20191216_023523\\msgkeychainv2_20180805-49-u5t7wd.stl", "directory": "C:\\Users\\Greg\\AppData\\Local\\Temp\\tmpa455sa41\\20191216_023523", "beam_width": 2, "scale": true, "factor": 9.0, "nodes": [{"path": [], "origin": [-42.5264506265, -0.0, -48.252402374999996], "normal": [0.661, 0.0, 0.75]}]}