{"mesh": "C:\\Users\\Greg\\AppData\\Local\\Temp\\tmpkq5rouge\\20191215_010240\\lex_house.stl", "directory": "C:\\Users\\Greg\\AppData\\Local\\Temp\\tmpkq5rouge\\20191215_010240", "beam_width": 2, "scale": true, "factor": 2.0, "nodes": [{"path": [], "origin": [64.73440790249634, 64.73440790249634, 103.7410383052826], "normal": [0.468, 0.468, 0.75]}, {"path": [1], "origin": [0.0, 113.70745873974609, 29.366595748901368], "normal": [0.0, 0.968, 0.25]}]}