{"mesh": "C:\\Users\\Greg\\AppData\\Local\\Temp\\tmpkq5rouge\\20191215_010240\\lex_house.stl", "directory": "C:\\Users\\Greg\\AppData\\Local\\Temp\\tmpkq5rouge\\20191215_010240", "beam_width": 2, "scale": true, "factor": 2.0, "nodes": [{"path": [], "origin": [0.0, 113.70745873974609, 29.366595748901368], "normal": [0.0, 0.968, 0.25]}, {"path": [1], "origin": [0.0, 109.25725074984742, 63.081553550720216], "normal": [0.0, 0.866, 0.5]}]}