{"nodes": [{"path": [], "origin": [-5.972742255423965, 12.623301755363013, 19.350958493568218], "normal": [-0.2502846167890336, 0.5289728080236907, 0.8108917184003659]}], "state": [false, false, false, true, false, false, false, false, false, false, false, false, false, false, false, false, false, true, false, false, false, false, false, false, false, false, false, false, false, false, true]}