{"nodes": [{"path": [], "origin": [26.316251884930978, 19.995475832326964, -18.574748547627465], "normal": [0.6941245617689152, 0.5274060667971636, -0.48993258051966415]}, {"path": [0], "origin": [48.54959481805861, -8.774160858131232, 13.079672789948118], "normal": [0.95119852554231, -0.17190604581567165, 0.25626095375252866]}], "state": []}