{"nodes": [{"path": [], "origin": [26.316251884930978, 19.995475832326964, -18.574748547627465], "normal": [0.6941245617689152, 0.5274060667971636, -0.48993258051966415]}, {"path": [0], "origin": [135.1205543743836, 44.83180906630303, 89.50002586428586], "normal": [0.8035248282533082, 0.2666024562071782, 0.5322320741225497]}], "state": []}