{"nodes": [{"path": [], "origin": [62.73585016626421, 42.37790048318542, 4.679384637707407], "normal": [0.827079178329884, 0.558689792488481, 0.061690749244452094]}, {"path": [0], "origin": [64.12574333910526, -2.7386306079433345, 93.64047080304668], "normal": [-0.5648552129956824, 0.024123381575258503, -0.8248373480953544]}], "state": []}