{"nodes": [{"path": [], "origin": [62.73585016626421, 42.37790048318542, 4.679384637707407], "normal": [0.827079178329884, 0.558689792488481, 0.061690749244452094]}, {"path": [0], "origin": [14.362061379862267, -7.163041755872695, -47.216499985036826], "normal": [-0.2879923786547298, 0.14363546980584715, 0.9467994727768094]}], "state": []}