{"mesh": "C:\\Users\\Greg\\AppData\\Local\\Temp\\tmprnjq0rsy\\20191216_025213\\communist_uk.stl", "directory": "C:\\Users\\Greg\\AppData\\Local\\Temp\\tmprnjq0rsy\\20191216_025213", "beam_width": 2, "scale": true, "factor": 4.0, "nodes": [{"path": [], "origin": [66.4675893696289, 0.0, 17.166216262817382], "normal": [0.968, 0.0, 0.25]}, {"path": [1], "origin": [0.0, 26.884547967453006, -1.3186615119171146], "normal": [-0.0, -0.999, 0.049]}]}