{"mesh": "C:\\Users\\Greg\\AppData\\Local\\Temp\\tmprnjq0rsy\\20191216_025213\\communist_uk.stl", "directory": "C:\\Users\\Greg\\AppData\\Local\\Temp\\tmprnjq0rsy\\20191216_025213", "beam_width": 2, "scale": true, "factor": 4.0, "nodes": [{"path": [], "origin": [-56.48520000196838, 56.48520000196838, 0.0], "normal": [-0.707, 0.707, 0.0]}, {"path": [1], "origin": [0.0, 17.973463474685662, -2.2082200845031728], "normal": [-0.0, -0.993, 0.122]}]}