{"mesh": "C:\\Users\\Greg\\AppData\\Local\\Temp\\tmp116imzka\\20191216_025929\\improved_auto_coin_sorter_all20181221-62-cwc2nd.stl", "directory": "C:\\Users\\Greg\\AppData\\Local\\Temp\\tmp116imzka\\20191216_025929", "beam_width": 2, "scale": true, "factor": 2.0, "nodes": [{"path": [], "origin": [102.95871950000003, -102.95871950000003, -37.576175000000006], "normal": [-0.685, 0.685, 0.25]}, {"path": [0], "origin": [-37.12511366886002, 37.12511366886002, 0.0], "normal": [-0.707, 0.707, 0.0]}, {"path": [0, 1], "origin": [162.07599710259998, 162.07599710259998, 0.0], "normal": [0.707, 0.707, 0.0]}, {"path": [0, 1, 1], "origin": [-0.40549027055054915, -7.357805272899055, 0.0073725503736463485], "normal": [-0.055, -0.998, 0.001]}]}